Producto;CONSUMO X CAPITA;VALOR (Miles Euros);Fecha
T.HUEVOS KGS;0.69286858625956;72506.4433;01/01/2018
TOTAL CARNE;4.15003741407132;1222779.122;01/01/2018
CARNE CERTIFICADA;0.36123931354335;173475.7;01/01/2018
CARNE FRESCA;3.11187878708191;841402.28;01/01/2018
CARNE CONGELADA;0.09626803371933;17930.095;01/01/2018
CARNE TRANSFORMADA;0.94189059327008;363446.747;01/01/2018
PESCADOS;1.05783548188253;393023.967;01/01/2018
PESCADOS FRESCOS;0.82597289997756;315227.485;01/01/2018
PESCADOS CONGELADOS;0.23186258190496;77796.482;01/01/2018
TOTAL LECHE LIQUIDA;6.25344765820258;195833.2871;01/01/2018
PAN;2.74064200496833;299566.457;01/01/2018
BOLL.PAST.GALLET.CERE;1.16095074492894;246610.1025;01/01/2018
ARROZ;0.35150707056316;25031.36;01/01/2018
TOTAL PASTAS;0.38493236057502;32507.7383;01/01/2018
LEGUMBRES;0.32391272888043;27707.0655;01/01/2018
TOTAL ACEITE;1.09720792838956;154813.19434000002;01/01/2018
TOTAL VINOS;0.62294112642303;75825.62;01/01/2018
CERVEZAS;1.19816938981112;68169.188;01/01/2018
SIDRAS;0.0190674649689;1701.782;01/01/2018
T.BEBIDAS ESPIRITUOSA;0.0537369441551;26170.74;01/01/2018
TOTAL PATATAS;2.37615472434235;84640.082;01/01/2018
T.HORTALIZAS FRESCAS;4.60101064195926;376688.561;01/01/2018
T.FRUTAS FRESCAS;7.11226773880251;471462.16130000004;01/01/2018
BEBIDAS REFRESCANTES;2.73952048838181;109162.069;01/01/2018
T.HUEVOS KGS;0.66974073292224;70603.0994;01/02/2018
TOTAL CARNE;3.75235194955612;1108347.724;01/02/2018
CARNE CERTIFICADA;0.29212967241992;134479.6;01/02/2018
CARNE FRESCA;2.7931705170833;763782.784;01/02/2018
CARNE CONGELADA;0.08853343709987;18018.137;01/02/2018
CARNE TRANSFORMADA;0.87064799537295;326546.803;01/02/2018
PESCADOS;1.05023289761347;365593.352;01/02/2018
PESCADOS FRESCOS;0.83979176900268;294852.522;01/02/2018
PESCADOS CONGELADOS;0.21044112861078;70740.83;01/02/2018
TOTAL LECHE LIQUIDA;5.72248611774722;180406.73609999998;01/02/2018
PAN;2.57938464900241;283628.789;01/02/2018
BOLL.PAST.GALLET.CERE;1.06743049916291;207914.02430000002;01/02/2018
ARROZ;0.32329976039398;23307.22;01/02/2018
TOTAL PASTAS;0.35060274509323;30652.0331;01/02/2018
LEGUMBRES;0.28048073090207;25275.7785;01/02/2018
TOTAL ACEITE;0.97096068625008;130462.64329;01/02/2018
TOTAL VINOS;0.60632305473096;70647.26;01/02/2018
CERVEZAS;1.16780709706963;66324.033;01/02/2018
SIDRAS;0.01621368100995;1530.017;01/02/2018
T.BEBIDAS ESPIRITUOSA;0.05399397389529;23825.61;01/02/2018
TOTAL PATATAS;2.22719670930908;79007.986;01/02/2018
T.HORTALIZAS FRESCAS;4.36873589646324;359202.253;01/02/2018
T.FRUTAS FRESCAS;6.3188554706227;446796.6798;01/02/2018
BEBIDAS REFRESCANTES;2.47475145539683;98962.677;01/02/2018
T.HUEVOS KGS;0.7923848105847;83289.797;01/03/2018
TOTAL CARNE;4.04327400294668;1218973.141;01/03/2018
CARNE CERTIFICADA;0.31980797773548;149114.8;01/03/2018
CARNE FRESCA;2.9030791447538;797597.94;01/03/2018
CARNE CONGELADA;0.10448715188867;20051.641;01/03/2018
CARNE TRANSFORMADA;1.0357077063042;401323.56;01/03/2018
PESCADOS;1.1599149933091;411159.344;01/03/2018
PESCADOS FRESCOS;0.92944915952999;329799.945;01/03/2018
PESCADOS CONGELADOS;0.23046583377911;81359.399;01/03/2018
TOTAL LECHE LIQUIDA;6.40032499678026;201401.5727;01/03/2018
PAN;2.87018030441885;312774.209;01/03/2018
BOLL.PAST.GALLET.CERE;1.23541992191814;248610.34906;01/03/2018
ARROZ;0.3622751900732;27255.39;01/03/2018
TOTAL PASTAS;0.3563448593948;31457.1557;01/03/2018
LEGUMBRES;0.30524988030822;26685.779;01/03/2018
TOTAL ACEITE;1.05900713778575;143859.9461;01/03/2018
TOTAL VINOS;0.71795819953058;90707.68;01/03/2018
CERVEZAS;1.50284142983424;85669.83;01/03/2018
SIDRAS;0.01365380373268;1277.69;01/03/2018
T.BEBIDAS ESPIRITUOSA;0.06009381184144;28174.02;01/03/2018
TOTAL PATATAS;2.45390399647427;92382.136;01/03/2018
T.HORTALIZAS FRESCAS;4.86262370298901;401447.351;01/03/2018
T.FRUTAS FRESCAS;7.09913027974599;515564.86230000004;01/03/2018
BEBIDAS REFRESCANTES;2.99795910392313;119073.793;01/03/2018
T.HUEVOS KGS;0.71821552291886;76017.75390000001;01/04/2018
TOTAL CARNE;3.87492337122884;1165809.39;01/04/2018
CARNE CERTIFICADA;0.31026748257921;145369.7;01/04/2018
CARNE FRESCA;2.80596788080404;774986.88;01/04/2018
CARNE CONGELADA;0.08842079456678;17439.179;01/04/2018
CARNE TRANSFORMADA;0.98053469585801;373383.331;01/04/2018
PESCADOS;1.07628467078522;365940.041;01/04/2018
PESCADOS FRESCOS;0.87589843867006;298829.084;01/04/2018
PESCADOS CONGELADOS;0.20038623211515;67110.957;01/04/2018
TOTAL LECHE LIQUIDA;6.19858542386377;195108.41580000002;01/04/2018
PAN;2.71741277510436;293132.169;01/04/2018
BOLL.PAST.GALLET.CERE;1.1476036766401;224360.58858;01/04/2018
ARROZ;0.33039684042272;25378.64;01/04/2018
TOTAL PASTAS;0.35567447174854;30698.352300000002;01/04/2018
LEGUMBRES;0.27785455139096;25364.6731;01/04/2018
TOTAL ACEITE;1.02762356808415;142020.09659;01/04/2018
TOTAL VINOS;0.63667048975535;82829.5;01/04/2018
CERVEZAS;1.48710233016697;87026.71;01/04/2018
SIDRAS;0.01415550150477;1458.201;01/04/2018
T.BEBIDAS ESPIRITUOSA;0.05185439689101;25651.01;01/04/2018
TOTAL PATATAS;2.3657138471471;88040.227;01/04/2018
T.HORTALIZAS FRESCAS;5.03954032578534;403938.456;01/04/2018
T.FRUTAS FRESCAS;7.20618457911286;529178.3551;01/04/2018
BEBIDAS REFRESCANTES;2.99480352642057;118744.149;01/04/2018
T.HUEVOS KGS;0.70625475824094;74488.4825;01/05/2018
TOTAL CARNE;3.78601480087768;1134955.581;01/05/2018
CARNE CERTIFICADA;0.26417722250126;125810.9;01/05/2018
CARNE FRESCA;2.75819278409538;746440.037;01/05/2018
CARNE CONGELADA;0.08340221054694;16050.056;01/05/2018
CARNE TRANSFORMADA;0.94441980623535;372465.488;01/05/2018
PESCADOS;1.10572624964419;375888.078;01/05/2018
PESCADOS FRESCOS;0.90301992583622;306550.046;01/05/2018
PESCADOS CONGELADOS;0.20270632380797;69338.032;01/05/2018
TOTAL LECHE LIQUIDA;5.87554234258539;185428.4611;01/05/2018
PAN;2.70472437235848;296416.938;01/05/2018
BOLL.PAST.GALLET.CERE;1.10766719641444;214528.44416299998;01/05/2018
ARROZ;0.32308894735786;24141.81;01/05/2018
TOTAL PASTAS;0.3512470261089;29640.4048;01/05/2018
LEGUMBRES;0.24491144207154;20892.6581;01/05/2018
TOTAL ACEITE;0.96717188336353;130882.00259999999;01/05/2018
TOTAL VINOS;0.62950175082556;77586.3;01/05/2018
CERVEZAS;1.53051600976351;88433.95;01/05/2018
SIDRAS;0.01938300518793;2066.215;01/05/2018
T.BEBIDAS ESPIRITUOSA;0.05426336315236;26161.49;01/05/2018
TOTAL PATATAS;2.31623541397768;89499.675;01/05/2018
T.HORTALIZAS FRESCAS;4.98769046509998;402871.851;01/05/2018
T.FRUTAS FRESCAS;7.71991780856385;584041.181;01/05/2018
BEBIDAS REFRESCANTES;2.96429180186065;118590.67;01/05/2018
T.HUEVOS KGS;0.7015551921978;73965.9951;01/06/2018
TOTAL CARNE;3.7150834348999;1124391.2873;01/06/2018
CARNE CERTIFICADA;0.59905110068681;217539.6;01/06/2018
CARNE FRESCA;2.6711239585112;730807.078;01/06/2018
CARNE CONGELADA;0.08268205393122;16436.423;01/06/2018
CARNE TRANSFORMADA;0.96127742245747;377147.78630000004;01/06/2018
PESCADOS;1.08454427075514;366265.51;01/06/2018
PESCADOS FRESCOS;0.89258289455447;304367.898;01/06/2018
PESCADOS CONGELADOS;0.19196137620067;61897.612;01/06/2018
TOTAL LECHE LIQUIDA;5.70250266356218;180205.91259999998;01/06/2018
PAN;2.61562737635142;283870.223;01/06/2018
BOLL.PAST.GALLET.CERE;1.04539070270172;205703.36408;01/06/2018
ARROZ;0.32385637693424;24025.32;01/06/2018
TOTAL PASTAS;0.32886943817847;28934.2107;01/06/2018
LEGUMBRES;0.2243675344175;18825.1975;01/06/2018
TOTAL ACEITE;0.97814908097537;134123.2873;01/06/2018
TOTAL VINOS;0.60759516457987;78511.99;01/06/2018
CERVEZAS;1.782747233265;102579.47;01/06/2018
SIDRAS;0.02051247876129;2205.1;01/06/2018
T.BEBIDAS ESPIRITUOSA;0.05521721544165;26061;01/06/2018
TOTAL PATATAS;2.32590434730492;95113.32;01/06/2018
T.HORTALIZAS FRESCAS;4.81754541122652;380514.001;01/06/2018
T.FRUTAS FRESCAS;8.59962233196834;636499.875;01/06/2018
BEBIDAS REFRESCANTES;3.336537769207;134382.031;01/06/2018
T.HUEVOS KGS;0.68604111944934;72592.6556;01/07/2018
TOTAL CARNE;3.43624711755757;1059167.0347;01/07/2018
CARNE CERTIFICADA;0.54897927922301;201386.4;01/07/2018
CARNE FRESCA;2.45150623705146;687106.513;01/07/2018
CARNE CONGELADA;0.09101103374234;18818.916;01/07/2018
CARNE TRANSFORMADA;0.89372984676376;353241.6057;01/07/2018
PESCADOS;1.0213435787842;344474.689;01/07/2018
PESCADOS FRESCOS;0.8418045097521;286362.941;01/07/2018
PESCADOS CONGELADOS;0.17953906903209;58111.748;01/07/2018
TOTAL LECHE LIQUIDA;5.30313656333717;166591.1036;01/07/2018
PAN;2.57073296527356;283908.766;01/07/2018
BOLL.PAST.GALLET.CERE;0.94876120561973;185333.164648;01/07/2018
ARROZ;0.29398075112685;21936.88;01/07/2018
TOTAL PASTAS;0.30849883330338;26573.349140000002;01/07/2018
LEGUMBRES;0.20022061480812;17780.0618;01/07/2018
TOTAL ACEITE;0.9419186912292;123924.29579999999;01/07/2018
TOTAL VINOS;0.58396087565565;66417.76;01/07/2018
CERVEZAS;1.88768983115924;108693.72;01/07/2018
SIDRAS;0.02719834407679;3009.287;01/07/2018
T.BEBIDAS ESPIRITUOSA;0.05938572547731;27195.83;01/07/2018
TOTAL PATATAS;2.36163036357508;99463.959;01/07/2018
T.HORTALIZAS FRESCAS;4.91897205527944;378657.187;01/07/2018
T.FRUTAS FRESCAS;8.92767298108016;589757.567;01/07/2018
BEBIDAS REFRESCANTES;3.51810711460093;141329.095;01/07/2018
T.HUEVOS KGS;0.67262601567972;70583.1656;01/08/2018
TOTAL CARNE;3.26087609617495;991533.8009;01/08/2018
CARNE CERTIFICADA;0.50961487538671;183970.9;01/08/2018
CARNE FRESCA;2.33937003875243;648761.741;01/08/2018
CARNE CONGELADA;0.09094977524326;18746.332;01/08/2018
CARNE TRANSFORMADA;0.83055628217924;324025.7279;01/08/2018
PESCADOS;0.90771365178849;312803.193;01/08/2018
PESCADOS FRESCOS;0.71723461117666;250386.539;01/08/2018
PESCADOS CONGELADOS;0.19047904061183;62416.654;01/08/2018
TOTAL LECHE LIQUIDA;5.24891483685514;166012.1878;01/08/2018
PAN;2.34518203801375;254679.142;01/08/2018
BOLL.PAST.GALLET.CERE;0.90096456973557;170776.23125;01/08/2018
ARROZ;0.27869987397364;21007.96;01/08/2018
TOTAL PASTAS;0.29580298876967;25580.526;01/08/2018
LEGUMBRES;0.19087553369415;16137.68166;01/08/2018
TOTAL ACEITE;0.90155913174577;117585.63090999999;01/08/2018
TOTAL VINOS;0.57183474327159;69174.25;01/08/2018
CERVEZAS;1.82345825467607;104768.27;01/08/2018
SIDRAS;0.02395747714215;2811.924;01/08/2018
T.BEBIDAS ESPIRITUOSA;0.05867621470077;28446.61;01/08/2018
TOTAL PATATAS;2.19693364332721;90625.663;01/08/2018
T.HORTALIZAS FRESCAS;4.66638713045486;361096.916;01/08/2018
T.FRUTAS FRESCAS;8.26463281121804;522444.544;01/08/2018
BEBIDAS REFRESCANTES;3.67055890647006;145937.854;01/08/2018
T.HUEVOS KGS;0.67969352534519;71527.7819;01/09/2018
TOTAL CARNE;3.69752224441387;1102695.7254;01/09/2018
CARNE CERTIFICADA;0.5908153672946;207484.9;01/09/2018
CARNE FRESCA;2.66622128879017;718787.596;01/09/2018
CARNE CONGELADA;0.08770103678653;16938.869;01/09/2018
CARNE TRANSFORMADA;0.94359991883715;366969.26039999997;01/09/2018
PESCADOS;1.00351028608332;346074.585;01/09/2018
PESCADOS FRESCOS;0.80268785506131;279757.185;01/09/2018
PESCADOS CONGELADOS;0.200822431022;66317.4;01/09/2018
TOTAL LECHE LIQUIDA;5.54012536882041;174428.225;01/09/2018
PAN;2.54539865109958;278566.863;01/09/2018
BOLL.PAST.GALLET.CERE;1.02061756524763;198008.68639;01/09/2018
ARROZ;0.3065464790935;23804.36;01/09/2018
TOTAL PASTAS;0.32968278248349;28800.0613;01/09/2018
LEGUMBRES;0.24967765746687;22093.384100000003;01/09/2018
TOTAL ACEITE;0.97099313852836;125311.73364;01/09/2018
TOTAL VINOS;0.56935560826371;66970.59;01/09/2018
CERVEZAS;1.59469477341746;90068.71;01/09/2018
SIDRAS;0.02149608154724;2424.564;01/09/2018
T.BEBIDAS ESPIRITUOSA;0.05048231520522;23759.54;01/09/2018
TOTAL PATATAS;2.3535540109741;92536.28;01/09/2018
T.HORTALIZAS FRESCAS;5.31667582239836;444709.075;01/09/2018
T.FRUTAS FRESCAS;8.37974037981585;551663.517;01/09/2018
BEBIDAS REFRESCANTES;3.18757328953281;131510.277;01/09/2018
T.HUEVOS KGS;0.71452081408617;74190.2755;01/10/2018
TOTAL CARNE;4.04935035342795;1220311.053;01/10/2018
CARNE CERTIFICADA;0.64239640848785;233866.1;01/10/2018
CARNE FRESCA;2.93237456356007;795775.249;01/10/2018
CARNE CONGELADA;0.08971831593302;17397.141;01/10/2018
CARNE TRANSFORMADA;1.02725747393484;407138.663;01/10/2018
PESCADOS;1.06943147645726;371641.416;01/10/2018
PESCADOS FRESCOS;0.8579295966932;299674.851;01/10/2018
PESCADOS CONGELADOS;0.21150187976405;71966.565;01/10/2018
TOTAL LECHE LIQUIDA;6.03545485820493;190534.978;01/10/2018
PAN;2.83668726277874;307824.533;01/10/2018
BOLL.PAST.GALLET.CERE;1.17607229169321;243432.19819999998;01/10/2018
ARROZ;0.34174480535226;25673.32;01/10/2018
TOTAL PASTAS;0.35636095087218;31107.3145;01/10/2018
LEGUMBRES;0.33420845845149;31382.441;01/10/2018
TOTAL ACEITE;1.05604481798425;131367.76256;01/10/2018
TOTAL VINOS;0.66779828363796;85600.74;01/10/2018
CERVEZAS;1.3836371766485;79292.08;01/10/2018
SIDRAS;0.01936656308595;2018.779;01/10/2018
T.BEBIDAS ESPIRITUOSA;0.05437615470089;26325.32;01/10/2018
TOTAL PATATAS;2.60401795504621;103351.074;01/10/2018
T.HORTALIZAS FRESCAS;4.98660394523058;425496.433;01/10/2018
T.FRUTAS FRESCAS;7.73032005131184;586426.383;01/10/2018
BEBIDAS REFRESCANTES;2.96550868395347;119003.7468;01/10/2018
T.HUEVOS KGS;0.69884130898516;73375.21429999999;01/11/2018
TOTAL CARNE;4.06294723544948;1239470.9168;01/11/2018
CARNE CERTIFICADA;0.69658522008628;255772;01/11/2018
CARNE FRESCA;2.9368853379829;809530.98;01/11/2018
CARNE CONGELADA;0.09828205643992;21353.354;01/11/2018
CARNE TRANSFORMADA;1.02777984102665;408586.58280000003;01/11/2018
PESCADOS;1.03173904571194;368234.251;01/11/2018
PESCADOS FRESCOS;0.83601964664283;300033.767;01/11/2018
PESCADOS CONGELADOS;0.19571939906911;68200.484;01/11/2018
TOTAL LECHE LIQUIDA;5.88223519628729;184670.1878;01/11/2018
PAN;2.65923725232139;291876.239;01/11/2018
BOLL.PAST.GALLET.CERE;1.25714641740234;281882.8667;01/11/2018
ARROZ;0.32052741557079;24277.94;01/11/2018
TOTAL PASTAS;0.36040986724221;31384.1735;01/11/2018
LEGUMBRES;0.30643821936783;27447.872199999998;01/11/2018
TOTAL ACEITE;0.98866633056189;120559.40869;01/11/2018
TOTAL VINOS;0.67516665944499;93731.25;01/11/2018
CERVEZAS;1.30459517355883;75469.63;01/11/2018
SIDRAS;0.0284028491215;3138.692;01/11/2018
T.BEBIDAS ESPIRITUOSA;0.05453590803075;26540.62;01/11/2018
TOTAL PATATAS;2.25283742554865;91068.851;01/11/2018
T.HORTALIZAS FRESCAS;4.33932362105457;379194.592;01/11/2018
T.FRUTAS FRESCAS;6.95997556834075;498882.17010000005;01/11/2018
BEBIDAS REFRESCANTES;2.66263550586989;104421.701;01/11/2018
T.HUEVOS KGS;0.71530127813177;75145.205;01/12/2018
TOTAL CARNE;4.51475338958763;1556688.3198;01/12/2018
CARNE CERTIFICADA;0.88619116601804;369372.8;01/12/2018
CARNE FRESCA;3.220017393877;991017.23;01/12/2018
CARNE CONGELADA;0.10380709796069;26618.437;01/12/2018
CARNE TRANSFORMADA;1.19092889774993;539052.6527999999;01/12/2018
PESCADOS;1.00106342168635;387318.9;01/12/2018
PESCADOS FRESCOS;0.78103750526767;311272.864;01/12/2018
PESCADOS CONGELADOS;0.22002591641868;76046.036;01/12/2018
TOTAL LECHE LIQUIDA;5.89235994158451;185998.09569999998;01/12/2018
PAN;2.68770330152565;299014.798;01/12/2018
BOLL.PAST.GALLET.CERE;1.48614078539326;395730.918;01/12/2018
ARROZ;0.32076123834578;23675.48;01/12/2018
TOTAL PASTAS;0.36618240151426;32043.253699999997;01/12/2018
LEGUMBRES;0.27423198838922;24675.2618;01/12/2018
TOTAL ACEITE;1.02950369603855;124728.8147;01/12/2018
TOTAL VINOS;1.02363622533705;186860.2;01/12/2018
CERVEZAS;1.53369332599079;92284.2;01/12/2018
SIDRAS;0.12631704557901;12772.65;01/12/2018
T.BEBIDAS ESPIRITUOSA;0.12441560841501;66888.69;01/12/2018
TOTAL PATATAS;2.43844101367344;102110.23;01/12/2018
T.HORTALIZAS FRESCAS;4.15926461300596;365492.015;01/12/2018
T.FRUTAS FRESCAS;6.46207662962758;450714.2794;01/12/2018
BEBIDAS REFRESCANTES;3.33386625086813;133469.672;01/12/2018
T.HUEVOS KGS;0.69641591769301;74483.6303;01/01/2019
TOTAL CARNE;4.05963964431543;1233305.109;01/01/2019
CARNE CERTIFICADA;0.69415132129364;263716;01/01/2019
CARNE FRESCA;3.03428924970435;849344.31;01/01/2019
CARNE CONGELADA;0.09479390801082;18459.24;01/01/2019
CARNE TRANSFORMADA;0.93055648660024;365501.559;01/01/2019
PESCADOS;1.0365141552869;386916.345;01/01/2019
PESCADOS FRESCOS;0.83159911416654;312272.796;01/01/2019
PESCADOS CONGELADOS;0.20491504112035;74643.549;01/01/2019
TOTAL LECHE LIQUIDA;6.43408380193752;204988.6683;01/01/2019
PAN;2.76326125540887;308641.06;01/01/2019
BOLL.PAST.GALLET.CERE;1.16726117223338;249310.132;01/01/2019
ARROZ;0.34655109469941;26415.5;01/01/2019
TOTAL PASTAS;0.3920158465154;34123.70442;01/01/2019
LEGUMBRES;0.34764485426715;31504.5155;01/01/2019
TOTAL ACEITE;0.96688349538956;116856.251;01/01/2019
TOTAL VINOS;0.62113833236431;79741.09;01/01/2019
CERVEZAS;1.18467112837605;71094.3;01/01/2019
SIDRAS;0.01972974156274;1919.633;01/01/2019
T.BEBIDAS ESPIRITUOSA;0.0539947795014;26174.44;01/01/2019
TOTAL PATATAS;2.37329910354824;98564.746;01/01/2019
T.HORTALIZAS FRESCAS;4.60674099035869;407802.471;01/01/2019
T.FRUTAS FRESCAS;6.94921351149698;474026.6437;01/01/2019
BEBIDAS REFRESCANTES;2.61173675539185;106112.912;01/01/2019
T.HUEVOS KGS;0.64922265874811;70164.4933;01/02/2019
TOTAL CARNE;3.66473643679462;1106672.7594;01/02/2019
CARNE CERTIFICADA;0.58632011854957;213309.6;01/02/2019
CARNE FRESCA;2.69942192650086;745058.174;01/02/2019
CARNE CONGELADA;0.07218726640855;14734.687;01/02/2019
CARNE TRANSFORMADA;0.89312724388519;346879.89839999995;01/02/2019
PESCADOS;0.99511852624205;360711.805;01/02/2019
PESCADOS FRESCOS;0.8135227147117;295283.173;01/02/2019
PESCADOS CONGELADOS;0.18159581153034;65428.632;01/02/2019
TOTAL LECHE LIQUIDA;5.68526672503416;179221.2239;01/02/2019
PAN;2.52823578635103;281208.836;01/02/2019
BOLL.PAST.GALLET.CERE;1.08427635360187;214035.48455000002;01/02/2019
ARROZ;0.33312073215407;24902.21;01/02/2019
TOTAL PASTAS;0.33802705025287;29608.1404;01/02/2019
LEGUMBRES;0.28454497147028;25886.489899999997;01/02/2019
TOTAL ACEITE;0.86713896660158;103490.5538;01/02/2019
TOTAL VINOS;0.56827197129089;71342.72;01/02/2019
CERVEZAS;1.216215309197;73691.43;01/02/2019
SIDRAS;0.01210209739143;1267.78;01/02/2019
T.BEBIDAS ESPIRITUOSA;0.04560816352801;22782.67;01/02/2019
TOTAL PATATAS;2.1622632417998;90350.516;01/02/2019
T.HORTALIZAS FRESCAS;4.47914291992134;388007.286;01/02/2019
T.FRUTAS FRESCAS;6.55179853175549;479617.9281;01/02/2019
BEBIDAS REFRESCANTES;2.54723062392151;103183.899;01/02/2019
T.HUEVOS KGS;0.73045937611361;80168.3186;01/03/2019
TOTAL CARNE;3.99067731699153;1221009.3040999998;01/03/2019
CARNE CERTIFICADA;0.63372227810505;228397;01/03/2019
CARNE FRESCA;2.92259221598754;818171.81;01/03/2019
CARNE CONGELADA;0.09353191659894;19380.234;01/03/2019
CARNE TRANSFORMADA;0.97455318440504;383457.2601;01/03/2019
PESCADOS;1.10434239249644;392642.597;01/03/2019
PESCADOS FRESCOS;0.89248844852645;315665.439;01/03/2019
PESCADOS CONGELADOS;0.21185394396999;76977.158;01/03/2019
TOTAL LECHE LIQUIDA;6.07077757872452;193452.3147;01/03/2019
PAN;2.764086273305;311051.818;01/03/2019
BOLL.PAST.GALLET.CERE;1.1815864460845;233042.42278;01/03/2019
ARROZ;0.34356196855062;26844.37;01/03/2019
TOTAL PASTAS;0.35643704980143;32522.9459;01/03/2019
LEGUMBRES;0.31095001948862;27109.1385;01/03/2019
TOTAL ACEITE;0.97572750403368;116319.58213;01/03/2019
TOTAL VINOS;0.68917797214394;85447.06;01/03/2019
CERVEZAS;1.43435690939838;87659.34;01/03/2019
SIDRAS;0.0214306859436;2524.692;01/03/2019
T.BEBIDAS ESPIRITUOSA;0.05072441055576;24987.9;01/03/2019
TOTAL PATATAS;2.30358935159415;99321.947;01/03/2019
T.HORTALIZAS FRESCAS;4.95627076108138;426579.892;01/03/2019
T.FRUTAS FRESCAS;7.35259139659446;542032.7689;01/03/2019
BEBIDAS REFRESCANTES;2.87904827745862;118538.47;01/03/2019
T.HUEVOS KGS;0.71159895057239;76438.90729999999;01/04/2019
TOTAL CARNE;3.74342075003029;1150854.008;01/04/2019
CARNE CERTIFICADA;0.60264117660094;227085.6;01/04/2019
CARNE FRESCA;2.72864597349195;759290.08;01/04/2019
CARNE CONGELADA;0.07970034078063;16175.275;01/04/2019
CARNE TRANSFORMADA;0.93507443575771;375388.653;01/04/2019
PESCADOS;1.03469606109656;368199.501;01/04/2019
PESCADOS FRESCOS;0.82977979284529;294316.881;01/04/2019
PESCADOS CONGELADOS;0.20491626825127;73882.62;01/04/2019
TOTAL LECHE LIQUIDA;5.96959011915447;188339.6659;01/04/2019
PAN;2.63025424770651;292203.548;01/04/2019
BOLL.PAST.GALLET.CERE;1.13922085215196;236014.732;01/04/2019
ARROZ;0.32588152695295;24737.07;01/04/2019
TOTAL PASTAS;0.34055088412982;30138.7104;01/04/2019
LEGUMBRES;0.27763314138355;24359.408;01/04/2019
TOTAL ACEITE;1.00639000273562;117279.396236;01/04/2019
TOTAL VINOS;0.63708973348642;82011.67;01/04/2019
CERVEZAS;1.44388018248791;88019.62;01/04/2019
SIDRAS;0.01906620845876;1800.165;01/04/2019
T.BEBIDAS ESPIRITUOSA;0.05054879641342;25509.26;01/04/2019
TOTAL PATATAS;2.28012563275843;99384.49;01/04/2019
T.HORTALIZAS FRESCAS;4.57283076670216;399422.959;01/04/2019
T.FRUTAS FRESCAS;6.95037273611445;493202.0844;01/04/2019
BEBIDAS REFRESCANTES;2.87139661751133;115141.408;01/04/2019
T.HUEVOS KGS;0.70287804765886;76446.92259999999;01/05/2019
TOTAL CARNE;3.77756164394684;1169796.91;01/05/2019
CARNE CERTIFICADA;0.58955250280664;217561.2;01/05/2019
CARNE FRESCA;2.73947068613311;764621.079;01/05/2019
CARNE CONGELADA;0.0814544615574;16862.934;01/05/2019
CARNE TRANSFORMADA;0.95663649625632;388312.897;01/05/2019
PESCADOS;1.06393576376323;385804.195;01/05/2019
PESCADOS FRESCOS;0.88121208016001;320628.763;01/05/2019
PESCADOS CONGELADOS;0.18272368360321;65175.432;01/05/2019
TOTAL LECHE LIQUIDA;5.95908345022933;187515.8026;01/05/2019
PAN;2.66720665032743;297376.277;01/05/2019
BOLL.PAST.GALLET.CERE;1.11213719475065;219411.35744999998;01/05/2019
ARROZ;0.33556740572983;26187.66;01/05/2019
TOTAL PASTAS;0.34684870907048;31282.4851;01/05/2019
LEGUMBRES;0.25140387271494;22179.068;01/05/2019
TOTAL ACEITE;1.00350485407816;118169.91935;01/05/2019
TOTAL VINOS;0.65301294962272;83530.15;01/05/2019
CERVEZAS;1.56551790893407;95360.08;01/05/2019
SIDRAS;0.01836624517659;2246.259;01/05/2019
T.BEBIDAS ESPIRITUOSA;0.05004959695323;24408.29;01/05/2019
TOTAL PATATAS;2.37563648442134;109738.701;01/05/2019
T.HORTALIZAS FRESCAS;4.93193894468276;422079.904;01/05/2019
T.FRUTAS FRESCAS;8.03280438298055;580001.109;01/05/2019
BEBIDAS REFRESCANTES;3.07843125195137;128932.31;01/05/2019
T.HUEVOS KGS;0.67385838062344;71971.6951;01/06/2019
TOTAL CARNE;3.50664375408161;1091200.2778;01/06/2019
CARNE CERTIFICADA;0.53090713560456;197840.9;01/06/2019
CARNE FRESCA;2.53857544405873;710589.867;01/06/2019
CARNE CONGELADA;0.07970350617134;16761.435;01/06/2019
CARNE TRANSFORMADA;0.88836480385153;363848.9758;01/06/2019
PESCADOS;0.99637921897651;358005.655;01/06/2019
PESCADOS FRESCOS;0.82303602982893;298079.074;01/06/2019
PESCADOS CONGELADOS;0.17334318914757;59926.581;01/06/2019
TOTAL LECHE LIQUIDA;5.40637811164274;172342.5776;01/06/2019
PAN;2.51134729949306;284551.224;01/06/2019
BOLL.PAST.GALLET.CERE;0.99271374143069;197307.395687;01/06/2019
ARROZ;0.30854819429589;24314.29;01/06/2019
TOTAL PASTAS;0.32935379145616;28944.6775;01/06/2019
LEGUMBRES;0.23611554398069;20518.8398;01/06/2019
TOTAL ACEITE;0.94614333487722;108906.60113;01/06/2019
TOTAL VINOS;0.59616621813039;78368.36;01/06/2019
CERVEZAS;1.72240833159159;105272.17;01/06/2019
SIDRAS;0.02057127369248;2515.246;01/06/2019
T.BEBIDAS ESPIRITUOSA;0.05340172403847;26300.18;01/06/2019
TOTAL PATATAS;2.19826871562059;98681.522;01/06/2019
T.HORTALIZAS FRESCAS;4.74771910230134;400928.82;01/06/2019
T.FRUTAS FRESCAS;8.59084190894769;630230.217;01/06/2019
BEBIDAS REFRESCANTES;3.21512158200297;133087.059;01/06/2019
T.HUEVOS KGS;0.68613753197638;74456.1042;01/07/2019
TOTAL CARNE;3.3709843627333;1079881.8717999998;01/07/2019
CARNE CERTIFICADA;0.50084719781704;192323.5;01/07/2019
CARNE FRESCA;2.42323285370558;697712.666;01/07/2019
CARNE CONGELADA;0.08652230629222;18234.028;01/07/2019
CARNE TRANSFORMADA;0.86122920273549;363935.1778;01/07/2019
PESCADOS;0.99287287882545;353763.626;01/07/2019
PESCADOS FRESCOS;0.81830597998096;292713.277;01/07/2019
PESCADOS CONGELADOS;0.17456689884449;61050.349;01/07/2019
TOTAL LECHE LIQUIDA;5.28998749728152;167944.571;01/07/2019
PAN;2.50148619682749;280248.176;01/07/2019
BOLL.PAST.GALLET.CERE;0.93609575772216;182411.18519;01/07/2019
ARROZ;0.30095082296742;23616.06;01/07/2019
TOTAL PASTAS;0.31824535400494;28881.838600000003;01/07/2019
LEGUMBRES;0.21641418795077;18440.357600000003;01/07/2019
TOTAL ACEITE;0.93225757537496;108510.75984;01/07/2019
TOTAL VINOS;0.56068825884015;71544.14;01/07/2019
CERVEZAS;1.83335007273101;111521.51;01/07/2019
SIDRAS;0.01978859831734;2560.556;01/07/2019
T.BEBIDAS ESPIRITUOSA;0.05377138096773;27334.95;01/07/2019
TOTAL PATATAS;2.43510366076732;109129.533;01/07/2019
T.HORTALIZAS FRESCAS;5.10864779187683;432441.458;01/07/2019
T.FRUTAS FRESCAS;9.35097668858321;601910.199;01/07/2019
BEBIDAS REFRESCANTES;3.59248443814596;147474.163;01/07/2019
T.HUEVOS KGS;0.66585126702847;72858.9459;01/08/2019
TOTAL CARNE;3.30090438581408;1027012.3865;01/08/2019
CARNE CERTIFICADA;0.49915501463062;188062.3;01/08/2019
CARNE FRESCA;2.37330502673142;665856.614;01/08/2019
CARNE CONGELADA;0.09454363184107;18859.301;01/08/2019
CARNE TRANSFORMADA;0.83305572724158;342296.4715;01/08/2019
PESCADOS;0.88182690744044;319017.065;01/08/2019
PESCADOS FRESCOS;0.7099280600587;257497.215;01/08/2019
PESCADOS CONGELADOS;0.17189884738173;61519.85;01/08/2019
TOTAL LECHE LIQUIDA;5.22441688393947;166996.2904;01/08/2019
PAN;2.37403048224922;266212.345;01/08/2019
BOLL.PAST.GALLET.CERE;0.91872048374655;180146.08892399998;01/08/2019
ARROZ;0.29395747756558;23692.24;01/08/2019
TOTAL PASTAS;0.30226522869656;27368.8786;01/08/2019
LEGUMBRES;0.20171295572303;16705.5331;01/08/2019
TOTAL ACEITE;0.90825665786438;104059.2657;01/08/2019
TOTAL VINOS;0.53072610127263;68351.7;01/08/2019
CERVEZAS;1.83236186376704;111630.56;01/08/2019
SIDRAS;0.02360767907092;2950.154;01/08/2019
T.BEBIDAS ESPIRITUOSA;0.05523572106503;28360.29;01/08/2019
TOTAL PATATAS;2.2542881310564;105065.702;01/08/2019
T.HORTALIZAS FRESCAS;4.85156297510309;408822.044;01/08/2019
T.FRUTAS FRESCAS;8.40833055151487;507238.867;01/08/2019
BEBIDAS REFRESCANTES;3.45709579914279;142061.628;01/08/2019
T.HUEVOS KGS;0.68184695803728;73332.2361;01/09/2019
TOTAL CARNE;3.52785720880005;1120260.4224;01/09/2019
CARNE CERTIFICADA;0.54553210793301;207932.9;01/09/2019
CARNE FRESCA;2.53622637508882;723991.08;01/09/2019
CARNE CONGELADA;0.09412993478745;18873.122;01/09/2019
CARNE TRANSFORMADA;0.89750089892377;377396.2204;01/09/2019
PESCADOS;0.96633318939545;355172.43;01/09/2019
PESCADOS FRESCOS;0.78084289577025;287497.687;01/09/2019
PESCADOS CONGELADOS;0.18549029362519;67674.743;01/09/2019
TOTAL LECHE LIQUIDA;5.4911705167333;173992.1238;01/09/2019
PAN;2.41668821978204;271106.932;01/09/2019
BOLL.PAST.GALLET.CERE;1.0012379133384;193839.36788;01/09/2019
ARROZ;0.30050181446273;23196.53;01/09/2019
TOTAL PASTAS;0.33563050237353;29737.285600000003;01/09/2019
LEGUMBRES;0.27816195524194;24924.146399999998;01/09/2019
TOTAL ACEITE;0.96041235576778;108363.8969;01/09/2019
TOTAL VINOS;0.52182246425573;66133.7;01/09/2019
CERVEZAS;1.46940905859533;89468.74;01/09/2019
SIDRAS;0.0199708315952;2283.063;01/09/2019
T.BEBIDAS ESPIRITUOSA;0.05672614311458;26594.38;01/09/2019
TOTAL PATATAS;2.24624066718533;97897.32;01/09/2019
T.HORTALIZAS FRESCAS;4.98150170020805;427987.185;01/09/2019
T.FRUTAS FRESCAS;7.98993245906826;550008.0599;01/09/2019
BEBIDAS REFRESCANTES;2.90597896635637;118938.475;01/09/2019
T.HUEVOS KGS;0.7279892938231;77969.9573;01/10/2019
TOTAL CARNE;3.91652385513259;1240818.562;01/10/2019
CARNE CERTIFICADA;0.60653872652309;223830.2;01/10/2019
CARNE FRESCA;2.7963906573951;787546.218;01/10/2019
CARNE CONGELADA;0.09052563880226;17361.684;01/10/2019
CARNE TRANSFORMADA;1.02960755893523;435910.66;01/10/2019
PESCADOS;1.04425727984929;381976.488;01/10/2019
PESCADOS FRESCOS;0.85660054295377;312640.952;01/10/2019
PESCADOS CONGELADOS;0.18765673689551;69335.536;01/10/2019
TOTAL LECHE LIQUIDA;5.972648198787;190213.2605;01/10/2019
PAN;2.65912545119642;298621.518;01/10/2019
BOLL.PAST.GALLET.CERE;1.16738578434306;239262.552;01/10/2019
ARROZ;0.33486863488937;26936.9;01/10/2019
TOTAL PASTAS;0.35910093053671;32448.4598;01/10/2019
LEGUMBRES;0.33156906629843;30138.4575;01/10/2019
TOTAL ACEITE;1.02624390072187;117903.26856;01/10/2019
TOTAL VINOS;0.59456661178197;76679.28;01/10/2019
CERVEZAS;1.50710300819287;90925.85;01/10/2019
SIDRAS;0.01743967244044;2210.464;01/10/2019
T.BEBIDAS ESPIRITUOSA;0.05836423280901;27668.4;01/10/2019
TOTAL PATATAS;2.3659346702871;101831.776;01/10/2019
T.HORTALIZAS FRESCAS;5.02892447816469;439834.419;01/10/2019
T.FRUTAS FRESCAS;7.36103829721718;590769.4722000001;01/10/2019
BEBIDAS REFRESCANTES;2.83390017962204;117268.506;01/10/2019
T.HUEVOS KGS;0.69669104434794;74393.8648;01/11/2019
TOTAL CARNE;3.99195671588426;1280383.3;01/11/2019
CARNE CERTIFICADA;0.65073451873148;249933.1;01/11/2019
CARNE FRESCA;2.86782776306176;814022.36;01/11/2019
CARNE CONGELADA;0.09583162932255;19440.739;01/11/2019
CARNE TRANSFORMADA;1.02829732349995;446920.201;01/11/2019
PESCADOS;0.98805087004109;372648.122;01/11/2019
PESCADOS FRESCOS;0.79691464027754;302029.903;01/11/2019
PESCADOS CONGELADOS;0.19113622976354;70618.219;01/11/2019
TOTAL LECHE LIQUIDA;5.96009309279096;192047.5776;01/11/2019
PAN;2.65016178015974;297418.854;01/11/2019
BOLL.PAST.GALLET.CERE;1.26341740651983;289978.1866;01/11/2019
ARROZ;0.31947182756493;25051.8;01/11/2019
TOTAL PASTAS;0.37881377368281;32649.2966;01/11/2019
LEGUMBRES;0.3270900471106;29863.1507;01/11/2019
TOTAL ACEITE;1.01135043908584;112717.99885999999;01/11/2019
TOTAL VINOS;0.66113672976307;97334.98;01/11/2019
CERVEZAS;1.34362206862299;82108.4;01/11/2019
SIDRAS;0.02471493707879;2932.228;01/11/2019
T.BEBIDAS ESPIRITUOSA;0.05901560951181;29199.89;01/11/2019
TOTAL PATATAS;2.33361585765234;101503.268;01/11/2019
T.HORTALIZAS FRESCAS;4.60495685907626;410739.343;01/11/2019
T.FRUTAS FRESCAS;6.89138593382621;537796.3639;01/11/2019
BEBIDAS REFRESCANTES;2.632098478051;107880.15659999999;01/11/2019
T.HUEVOS KGS;0.70719094670841;76754.542;01/12/2019
TOTAL CARNE;4.39277903059396;1594238.743;01/12/2019
CARNE CERTIFICADA;0.86644418827276;369769.8;01/12/2019
CARNE FRESCA;3.10914800831201;990664.28;01/12/2019
CARNE CONGELADA;0.09924249391821;27391.652;01/12/2019
CARNE TRANSFORMADA;1.18438852836373;576182.811;01/12/2019
PESCADOS;0.93593746435931;380276.84;01/12/2019
PESCADOS FRESCOS;0.72582306736036;301622.735;01/12/2019
PESCADOS CONGELADOS;0.21011439699895;78654.105;01/12/2019
TOTAL LECHE LIQUIDA;5.80547885489812;185350.93680000002;01/12/2019
PAN;2.61295187517233;297839.664;01/12/2019
BOLL.PAST.GALLET.CERE;1.46190675695845;400704.79610000004;01/12/2019
ARROZ;0.29601780002818;23165.16;01/12/2019
TOTAL PASTAS;0.34974561004316;31472.1825;01/12/2019
LEGUMBRES;0.27626235809453;24619.9586;01/12/2019
TOTAL ACEITE;1.03730788503028;122209.98852;01/12/2019
TOTAL VINOS;1.06048263903346;210961.1;01/12/2019
CERVEZAS;1.55283228043683;99067.96;01/12/2019
SIDRAS;0.12937324756661;14797.87;01/12/2019
T.BEBIDAS ESPIRITUOSA;0.12159696662053;68599.26;01/12/2019
TOTAL PATATAS;2.28722742531336;102073.779;01/12/2019
T.HORTALIZAS FRESCAS;4.07073367316829;368920.262;01/12/2019
T.FRUTAS FRESCAS;6.47583855106308;485524.8882;01/12/2019
BEBIDAS REFRESCANTES;3.20343704084013;134292.156;01/12/2019
T.HUEVOS KGS;0.7583648912479;77775.289;01/01/2020
TOTAL CARNE;4.11663962595382;1241414.721;01/01/2020
CARNE CERTIFICADA;0.68520563493545;254912.9;01/01/2020
CARNE FRESCA;3.0423393447121;839208.44;01/01/2020
CARNE CONGELADA;0.09951070212117;18144.258;01/01/2020
CARNE TRANSFORMADA;0.97478957912054;384062.023;01/01/2020
PESCADOS;0.95790022245568;365761.72;01/01/2020
PESCADOS FRESCOS;0.73359747955333;286260.847;01/01/2020
PESCADOS CONGELADOS;0.22430274290234;79500.873;01/01/2020
TOTAL LECHE LIQUIDA;6.34009133843486;194321.323;01/01/2020
PAN;2.83376747639941;303191.879;01/01/2020
BOLL.PAST.GALLET.CERE;1.21911859676322;250362.905;01/01/2020
ARROZ;0.37174796812994;27763.23;01/01/2020
TOTAL PASTAS;0.40865729258616;34156.1031;01/01/2020
LEGUMBRES;0.35973276536797;29981.665699999998;01/01/2020
TOTAL ACEITE;1.03347029850785;111244.3373;01/01/2020
TOTAL VINOS;0.58898900234561;79289.7;01/01/2020
CERVEZAS;1.29201416058576;76903.98;01/01/2020
SIDRAS;0.02828877875617;3414.98;01/01/2020
T.BEBIDAS ESPIRITUOSA;0.05598040157079;26030.19;01/01/2020
TOTAL PATATAS;2.30180472232577;97965.622;01/01/2020
T.HORTALIZAS FRESCAS;4.87131485047933;421389.552;01/01/2020
T.FRUTAS FRESCAS;7.155082484813;511219.7062;01/01/2020
BEBIDAS REFRESCANTES;2.62247755321754;104694.051;01/01/2020
T.HUEVOS KGS;0.73666049139942;76402.23640000001;01/02/2020
TOTAL CARNE;3.95761091611565;1203185.94;01/02/2020
CARNE CERTIFICADA;0.63988403132112;234692.9;01/02/2020
CARNE FRESCA;2.91097866982573;802224.82;01/02/2020
CARNE CONGELADA;0.09177397565277;17397.47;01/02/2020
CARNE TRANSFORMADA;0.95485827063714;383563.65;01/02/2020
PESCADOS;1.04388350079221;381403.215;01/02/2020
PESCADOS FRESCOS;0.8429076352615;309174.902;01/02/2020
PESCADOS CONGELADOS;0.20097586553071;72228.313;01/02/2020
TOTAL LECHE LIQUIDA;5.98663675664308;182749.1118;01/02/2020
PAN;2.77276200916037;296174.953;01/02/2020
BOLL.PAST.GALLET.CERE;1.16416504995126;223493.96169999999;01/02/2020
ARROZ;0.35151896641811;26371.38;01/02/2020
TOTAL PASTAS;0.3827267460196;32642.0942;01/02/2020
LEGUMBRES;0.32829413008236;29194.9496;01/02/2020
TOTAL ACEITE;1.0335517476171;109440.18029999999;01/02/2020
TOTAL VINOS;0.6089333968905;73962.6;01/02/2020
CERVEZAS;1.37818887730373;80796.13;01/02/2020
SIDRAS;0.02270307533798;2735.713;01/02/2020
T.BEBIDAS ESPIRITUOSA;0.05619190464466;25627.65;01/02/2020
TOTAL PATATAS;2.42353721123537;103172.872;01/02/2020
T.HORTALIZAS FRESCAS;5.10130976154746;430847.662;01/02/2020
T.FRUTAS FRESCAS;7.24882986945935;544534.2345;01/02/2020
BEBIDAS REFRESCANTES;2.72656809924984;110968.563;01/02/2020
T.HUEVOS KGS;0.92428083948552;96582.119;01/03/2020
TOTAL CARNE;4.83030381312447;1438674.318;01/03/2020
CARNE CERTIFICADA;0.7395949447663;269742.3;01/03/2020
CARNE FRESCA;3.52756355322529;954977.13;01/03/2020
CARNE CONGELADA;0.13468754533726;25293.816;01/03/2020
CARNE TRANSFORMADA;1.16805271456191;458403.372;01/03/2020
PESCADOS;1.20212982530276;435197.081;01/03/2020
PESCADOS FRESCOS;0.92200006400533;335080.915;01/03/2020
PESCADOS CONGELADOS;0.28012976129742;100116.166;01/03/2020
TOTAL LECHE LIQUIDA;7.5784858631172;230914.8061;01/03/2020
PAN;3.13108764599985;335576.293;01/03/2020
BOLL.PAST.GALLET.CERE;1.33868481189904;247224.515609;01/03/2020
ARROZ;0.54321577387715;36366.24;01/03/2020
TOTAL PASTAS;0.56229376462119;44002.2884;01/03/2020
LEGUMBRES;0.52155868066008;44528.4072;01/03/2020
TOTAL ACEITE;1.32612859977969;135458.95733;01/03/2020
TOTAL VINOS;0.72487007864543;87730.18;01/03/2020
CERVEZAS;1.82468132304007;109383.33;01/03/2020
SIDRAS;0.02678742516815;3215.255;01/03/2020
T.BEBIDAS ESPIRITUOSA;0.0658594526277;32436.47;01/03/2020
TOTAL PATATAS;3.25134633923981;137944.621;01/03/2020
T.HORTALIZAS FRESCAS;5.81295804297682;498665.947;01/03/2020
T.FRUTAS FRESCAS;8.32846647323954;621017.2899;01/03/2020
BEBIDAS REFRESCANTES;3.20034532174281;128161.922;01/03/2020
T.HUEVOS KGS;1.13387421054297;117741.7017;01/04/2020
TOTAL CARNE;5.0908476494876;1523634.696;01/04/2020
CARNE CERTIFICADA;0.73541792268971;265363.2;01/04/2020
CARNE FRESCA;3.74751598417261;1021709.22;01/04/2020
CARNE CONGELADA;0.14279564466109;26243.286;01/04/2020
CARNE TRANSFORMADA;1.20053602065389;475682.19;01/04/2020
PESCADOS;1.39688268854692;516024.118;01/04/2020
PESCADOS FRESCOS;1.07463360566241;399416.423;01/04/2020
PESCADOS CONGELADOS;0.32224908288451;116607.695;01/04/2020
TOTAL LECHE LIQUIDA;7.45880671673776;231059.76859999998;01/04/2020
PAN;3.41626000982267;360511.103;01/04/2020
BOLL.PAST.GALLET.CERE;1.41687047539288;272190.79367000004;01/04/2020
ARROZ;0.39679746141318;27936.18;01/04/2020
TOTAL PASTAS;0.40521163261085;35280.281200000005;01/04/2020
LEGUMBRES;0.40305001770517;33578.442;01/04/2020
TOTAL ACEITE;1.29974480201299;129536.35231;01/04/2020
TOTAL VINOS;1.06879741408238;135774.6;01/04/2020
CERVEZAS;2.54656652477606;158169.86;01/04/2020
SIDRAS;0.03848771382395;4748.755;01/04/2020
T.BEBIDAS ESPIRITUOSA;0.1051771089372;50540.9;01/04/2020
TOTAL PATATAS;3.47165801620427;156573.558;01/04/2020
T.HORTALIZAS FRESCAS;6.85707419263629;618817.73;01/04/2020
T.FRUTAS FRESCAS;9.80847493902699;766815.9262999999;01/04/2020
BEBIDAS REFRESCANTES;3.83653451556423;151525.099;01/04/2020
T.HUEVOS KGS;0.97597273918753;101937.3461;01/05/2020
TOTAL CARNE;4.69244649327008;1425357.793;01/05/2020
CARNE CERTIFICADA;0.70669720008255;258709.7;01/05/2020
CARNE FRESCA;3.44809529631637;949584.374;01/05/2020
CARNE CONGELADA;0.12538681333518;23509.223;01/05/2020
CARNE TRANSFORMADA;1.11896438361852;452264.196;01/05/2020
PESCADOS;1.36021751235143;484805.874;01/05/2020
PESCADOS FRESCOS;1.09971530401833;392339.584;01/05/2020
PESCADOS CONGELADOS;0.26050220833309;92466.29;01/05/2020
TOTAL LECHE LIQUIDA;6.8384572117862;209362.9186;01/05/2020
PAN;3.1430864674865;324708.039;01/05/2020
BOLL.PAST.GALLET.CERE;1.2626381148097;241825.14186;01/05/2020
ARROZ;0.37721712028643;27798.34;01/05/2020
TOTAL PASTAS;0.39675291170212;35135.3146;01/05/2020
LEGUMBRES;0.33022578217145;27888.066899999998;01/05/2020
TOTAL ACEITE;1.29100922238437;136507.49388;01/05/2020
TOTAL VINOS;0.99514261403507;125784.3;01/05/2020
CERVEZAS;2.62437735683928;161950.06;01/05/2020
SIDRAS;0.03195781879419;4062.255;01/05/2020
T.BEBIDAS ESPIRITUOSA;0.09690630278811;45907.75;01/05/2020
TOTAL PATATAS;3.12340530635858;139196.686;01/05/2020
T.HORTALIZAS FRESCAS;6.52061428570312;565957.246;01/05/2020
T.FRUTAS FRESCAS;9.84884207128686;824313.751;01/05/2020
BEBIDAS REFRESCANTES;3.883874076529;157889.006;01/05/2020
T.HUEVOS KGS;0.82396271315133;86038.9118;01/06/2020
TOTAL CARNE;4.18944899601059;1297919.6042;01/06/2020
CARNE CERTIFICADA;0.64351350622325;235976.2;01/06/2020
CARNE FRESCA;3.0455700536011;842475.27;01/06/2020
CARNE CONGELADA;0.10064491923482;21798.953;01/06/2020
CARNE TRANSFORMADA;1.04323402317466;433645.3812;01/06/2020
PESCADOS;1.14785879333537;407144.55;01/06/2020
PESCADOS FRESCOS;0.93870543714579;334371.786;01/06/2020
PESCADOS CONGELADOS;0.20915335618958;72772.764;01/06/2020
TOTAL LECHE LIQUIDA;6.16313060082371;187808.6673;01/06/2020
PAN;2.74381125354406;286219.567;01/06/2020
BOLL.PAST.GALLET.CERE;1.10426260480394;211766.77959999998;01/06/2020
ARROZ;0.34580989561098;25987.98;01/06/2020
TOTAL PASTAS;0.35670975877195;31842.947399999997;01/06/2020
LEGUMBRES;0.28671549349979;23721.7036;01/06/2020
TOTAL ACEITE;1.17694527136119;126851.5852;01/06/2020
TOTAL VINOS;0.82282617787731;108773.7;01/06/2020
CERVEZAS;2.31862552500104;143818.19;01/06/2020
SIDRAS;0.03338525577066;4163.818;01/06/2020
T.BEBIDAS ESPIRITUOSA;0.08681565837751;40238.89;01/06/2020
TOTAL PATATAS;2.67567000076008;115773.812;01/06/2020
T.HORTALIZAS FRESCAS;5.5796465669005;471135.441;01/06/2020
T.FRUTAS FRESCAS;9.66103368385496;773987.979;01/06/2020
BEBIDAS REFRESCANTES;3.62652367702668;147090.403;01/06/2020
T.HUEVOS KGS;0.7968042015405;83617.50709999999;01/07/2020
TOTAL CARNE;3.81590877236447;1184685.1129;01/07/2020
CARNE CERTIFICADA;0.60041730044083;226231.3;01/07/2020
CARNE FRESCA;2.7733447609549;772669.252;01/07/2020
CARNE CONGELADA;0.09618535739942;18713.667;01/07/2020
CARNE TRANSFORMADA;0.94637865401014;393302.19389999995;01/07/2020
PESCADOS;1.08811997469395;377178.743;01/07/2020
PESCADOS FRESCOS;0.87973211247563;306590.338;01/07/2020
PESCADOS CONGELADOS;0.20838786221832;70588.405;01/07/2020
TOTAL LECHE LIQUIDA;5.8900955229212;178849.13;01/07/2020
PAN;2.54935260549784;270965.055;01/07/2020
BOLL.PAST.GALLET.CERE;0.98198438424728;186817.069701;01/07/2020
ARROZ;0.33684939669366;25450.83;01/07/2020
TOTAL PASTAS;0.35474456546868;30692.537800000002;01/07/2020
LEGUMBRES;0.24312001519979;19486.187100000003;01/07/2020
TOTAL ACEITE;1.03242347701021;110637.59064;01/07/2020
TOTAL VINOS;0.75101218358224;92093;01/07/2020
CERVEZAS;2.48698477047046;150593.53;01/07/2020
SIDRAS;0.03269752658875;3911.178;01/07/2020
T.BEBIDAS ESPIRITUOSA;0.07916412672854;37179.11;01/07/2020
TOTAL PATATAS;2.76035473914873;117162.38;01/07/2020
T.HORTALIZAS FRESCAS;5.47093610851112;448389.61;01/07/2020
T.FRUTAS FRESCAS;10.19687974360331;702647.195;01/07/2020
BEBIDAS REFRESCANTES;3.84974617886927;158789.482;01/07/2020
T.HUEVOS KGS;0.73851508288184;78671.03779999999;01/08/2020
TOTAL CARNE;3.47740644924337;1073052.568;01/08/2020
CARNE CERTIFICADA;0.51788821871472;188281.3;01/08/2020
CARNE FRESCA;2.49051517228615;689272.842;01/08/2020
CARNE CONGELADA;0.08640656209473;17143.97;01/08/2020
CARNE TRANSFORMADA;0.90048471486248;366635.756;01/08/2020
PESCADOS;0.96316257963148;347699.108;01/08/2020
PESCADOS FRESCOS;0.77584814700941;276185.525;01/08/2020
PESCADOS CONGELADOS;0.18731443262206;71513.583;01/08/2020
TOTAL LECHE LIQUIDA;5.29576224573822;161247.5961;01/08/2020
PAN;2.39891020499083;248601.019;01/08/2020
BOLL.PAST.GALLET.CERE;0.93338124805861;176876.78696700002;01/08/2020
ARROZ;0.30687197884025;22849.97;01/08/2020
TOTAL PASTAS;0.32859228825192;28302.998;01/08/2020
LEGUMBRES;0.23733334549251;19930.2003;01/08/2020
TOTAL ACEITE;1.01922661508344;103978.93795;01/08/2020
TOTAL VINOS;0.63329044387066;77553.65;01/08/2020
CERVEZAS;2.16959022593858;132332.11;01/08/2020
SIDRAS;0.02856778857359;3572.903;01/08/2020
T.BEBIDAS ESPIRITUOSA;0.07365633480443;35767.56;01/08/2020
TOTAL PATATAS;2.36134718233497;102795.987;01/08/2020
T.HORTALIZAS FRESCAS;4.90378690544738;409019.27;01/08/2020
T.FRUTAS FRESCAS;9.05311956431138;594976.88;01/08/2020
BEBIDAS REFRESCANTES;3.75561435584466;153070.906;01/08/2020
T.HUEVOS KGS;0.74699982740324;78382.0123;01/09/2020
TOTAL CARNE;3.90967155852428;1199863.641;01/09/2020
CARNE CERTIFICADA;0.57546643787286;210915.3;01/09/2020
CARNE FRESCA;2.79941659207134;772082.776;01/09/2020
CARNE CONGELADA;0.1077127195531;21395.075;01/09/2020
CARNE TRANSFORMADA;1.00254224689983;406385.79;01/09/2020
PESCADOS;1.13390724844709;391601.392;01/09/2020
PESCADOS FRESCOS;0.9198781494296;317755.203;01/09/2020
PESCADOS CONGELADOS;0.21402909901749;73846.189;01/09/2020
TOTAL LECHE LIQUIDA;5.92354487962881;180757.141;01/09/2020
PAN;2.58089748434546;274221.993;01/09/2020
BOLL.PAST.GALLET.CERE;1.07930945605725;203310.97703;01/09/2020
ARROZ;0.32376423800168;24488.21;01/09/2020
TOTAL PASTAS;0.34320874702894;30618.098;01/09/2020
LEGUMBRES;0.31272921464886;27038.0438;01/09/2020
TOTAL ACEITE;1.08566333320035;113826.24684;01/09/2020
TOTAL VINOS;0.65941765263538;75542.38;01/09/2020
CERVEZAS;1.82400151591332;111107.33;01/09/2020
SIDRAS;0.02607911218479;3176.714;01/09/2020
T.BEBIDAS ESPIRITUOSA;0.06141267441635;29996.3;01/09/2020
TOTAL PATATAS;2.57675713845017;109159.722;01/09/2020
T.HORTALIZAS FRESCAS;5.51000684948308;477824.67;01/09/2020
T.FRUTAS FRESCAS;8.70927875757836;652149.5394;01/09/2020
BEBIDAS REFRESCANTES;3.18175489896198;131447.649;01/09/2020
T.HUEVOS KGS;0.84533301194686;87180.581;01/10/2020
TOTAL CARNE;4.65282897701621;1459560.097;01/10/2020
CARNE CERTIFICADA;0.76393551567732;280468.9;01/10/2020
CARNE FRESCA;3.34532636575673;934592.19;01/10/2020
CARNE CONGELADA;0.10777843875601;21384.836;01/10/2020
CARNE TRANSFORMADA;1.19972417250346;503583.071;01/10/2020
PESCADOS;1.222354340107;428969.056;01/10/2020
PESCADOS FRESCOS;1.00067508395096;349055.202;01/10/2020
PESCADOS CONGELADOS;0.22167925615603;79913.854;01/10/2020
TOTAL LECHE LIQUIDA;6.68172657278683;205962.6856;01/10/2020
PAN;2.9150749817335;307648.592;01/10/2020
BOLL.PAST.GALLET.CERE;1.32859898547475;268644.7235;01/10/2020
ARROZ;0.39798486688921;29748.76;01/10/2020
TOTAL PASTAS;0.4204103606367;37924.1189;01/10/2020
LEGUMBRES;0.40046081743305;35062.1823;01/10/2020
TOTAL ACEITE;1.30940548529826;138235.02899000002;01/10/2020
TOTAL VINOS;0.80622258847522;102533.1;01/10/2020
CERVEZAS;2.00001919943878;120540.6;01/10/2020
SIDRAS;0.02631887284573;3141.83;01/10/2020
T.BEBIDAS ESPIRITUOSA;0.08193625921644;38957.24;01/10/2020
TOTAL PATATAS;2.98285096232162;124498.356;01/10/2020
T.HORTALIZAS FRESCAS;5.66711113413263;496897.926;01/10/2020
T.FRUTAS FRESCAS;8.55440218869539;712633.1476;01/10/2020
BEBIDAS REFRESCANTES;3.43021833246925;136364.622;01/10/2020
T.HUEVOS KGS;0.81578515681388;83794.218;01/11/2020
TOTAL CARNE;4.32449304782353;1348511.1278;01/11/2020
CARNE CERTIFICADA;0.68828146877453;253989.5;01/11/2020
CARNE FRESCA;3.10860266190638;861802.34;01/11/2020
CARNE CONGELADA;0.10929196206523;22037.739;01/11/2020
CARNE TRANSFORMADA;1.1065984238519;464671.0488;01/11/2020
PESCADOS;1.17923267089827;418244.281;01/11/2020
PESCADOS FRESCOS;0.95157475933203;335464.223;01/11/2020
PESCADOS CONGELADOS;0.22765791156623;82780.058;01/11/2020
TOTAL LECHE LIQUIDA;6.37717040025816;194767.1416;01/11/2020
PAN;2.79445534972956;299860.117;01/11/2020
BOLL.PAST.GALLET.CERE;1.40893938798178;312407.30039999995;01/11/2020
ARROZ;0.34718530883489;26632.47;01/11/2020
TOTAL PASTAS;0.38096743880482;33273.1485;01/11/2020
LEGUMBRES;0.36791645125453;32405.344;01/11/2020
TOTAL ACEITE;1.10974513977172;116546.24998000001;01/11/2020
TOTAL VINOS;0.99468241259701;115895.8;01/11/2020
CERVEZAS;1.77643871549667;110042.16;01/11/2020
SIDRAS;0.03006189720519;3427.852;01/11/2020
T.BEBIDAS ESPIRITUOSA;0.07351813895327;34610.92;01/11/2020
TOTAL PATATAS;2.76528514641426;115079.787;01/11/2020
T.HORTALIZAS FRESCAS;5.38416432613143;472592.864;01/11/2020
T.FRUTAS FRESCAS;7.70429225873752;597092.6595;01/11/2020
BEBIDAS REFRESCANTES;2.93288538677527;118876.918;01/11/2020
